sensor_id,target_date,predicted_pm25,hazardous
S01,2026-10-29,128.52,0
S02,2026-10-29,144.84,0
S03,2026-10-29,141.11,0
S04,2026-10-29,141.06,0
S05,2026-10-29,110.7,0
S06,2026-10-29,112.7,0
S07,2026-10-29,107.42,0
S08,2026-10-29,144.4,0
S09,2026-10-29,140.29,0
S10,2026-10-29,138.91,0
S11,2026-10-29,105.53,0
S12,2026-10-29,151.48,0
S13,2026-10-29,145.94,0
S14,2026-10-29,116.57,0
S15,2026-10-29,115.43,0
S01,2026-10-30,130.51,0
S02,2026-10-30,145.74,0
S03,2026-10-30,143.77,0
S04,2026-10-30,141.81,0
S05,2026-10-30,116.9,0
S06,2026-10-30,114.18,0
S07,2026-10-30,111.09,0
S08,2026-10-30,144.55,0
S09,2026-10-30,138.64,0
S10,2026-10-30,145.23,0
S11,2026-10-30,113.14,0
S12,2026-10-30,150.61,0
S13,2026-10-30,145.77,0
S14,2026-10-30,119.22,0
S15,2026-10-30,116.53,0
S01,2026-10-31,134.64,0
S02,2026-10-31,146.43,0
S03,2026-10-31,144.46,0
S04,2026-10-31,141.58,0
S05,2026-10-31,116.12,0
S06,2026-10-31,111.32,0
S07,2026-10-31,106.85,0
S08,2026-10-31,146.14,0
S09,2026-10-31,142.16,0
S10,2026-10-31,142.79,0
S11,2026-10-31,110.03,0
S12,2026-10-31,150.26,0
S13,2026-10-31,147.42,0
S14,2026-10-31,112.09,0
S15,2026-10-31,113.22,0
S01,2026-11-01,130.05,0
S02,2026-11-01,144.33,0
S03,2026-11-01,141.56,0
S04,2026-11-01,142.77,0
S05,2026-11-01,119.43,0
S06,2026-11-01,113.96,0
S07,2026-11-01,107.42,0
S08,2026-11-01,143.45,0
S09,2026-11-01,137.19,0
S10,2026-11-01,140.63,0
S11,2026-11-01,112.29,0
S12,2026-11-01,148.52,0
S13,2026-11-01,145.07,0
S14,2026-11-01,113.57,0
S15,2026-11-01,114.41,0
S01,2026-11-02,120.73,0
S02,2026-11-02,137.65,0
S03,2026-11-02,134.15,0
S04,2026-11-02,133.44,0
S05,2026-11-02,110.23,0
S06,2026-11-02,105.85,0
S07,2026-11-02,102.24,0
S08,2026-11-02,137.25,0
S09,2026-11-02,129.9,0
S10,2026-11-02,135.6,0
S11,2026-11-02,101.37,0
S12,2026-11-02,142.46,0
S13,2026-11-02,136.76,0
S14,2026-11-02,108.75,0
S15,2026-11-02,109.57,0
S01,2026-11-03,121.64,0
S02,2026-11-03,144.88,0
S03,2026-11-03,137.81,0
S04,2026-11-03,138.29,0
S05,2026-11-03,108.27,0
S06,2026-11-03,109.03,0
S07,2026-11-03,104.37,0
S08,2026-11-03,136.11,0
S09,2026-11-03,128.26,0
S10,2026-11-03,140.09,0
S11,2026-11-03,103.47,0
S12,2026-11-03,145.59,0
S13,2026-11-03,138.92,0
S14,2026-11-03,110.58,0
S15,2026-11-03,110.43,0
S01,2026-11-04,129.38,0
S02,2026-11-04,149.27,0
S03,2026-11-04,142.04,0
S04,2026-11-04,139.67,0
S05,2026-11-04,113.25,0
S06,2026-11-04,112.26,0
S07,2026-11-04,109.37,0
S08,2026-11-04,142.42,0
S09,2026-11-04,134.38,0
S10,2026-11-04,143.97,0
S11,2026-11-04,109.44,0
S12,2026-11-04,151.08,0
S13,2026-11-04,145.18,0
S14,2026-11-04,119.72,0
S15,2026-11-04,115.92,0
S01,2026-11-05,134.9,0
S02,2026-11-05,149.75,0
S03,2026-11-05,144.64,0
S04,2026-11-05,144.09,0
S05,2026-11-05,112.36,0
S06,2026-11-05,113.9,0
S07,2026-11-05,113.24,0
S08,2026-11-05,149.09,0
S09,2026-11-05,136.56,0
S10,2026-11-05,145.38,0
S11,2026-11-05,115.67,0
S12,2026-11-05,154.6,0
S13,2026-11-05,147.84,0
S14,2026-11-05,120.84,0
S15,2026-11-05,115.09,0
S01,2026-11-06,137.35,0
S02,2026-11-06,152.01,0
S03,2026-11-06,146.57,0
S04,2026-11-06,144.22,0
S05,2026-11-06,121.16,0
S06,2026-11-06,119.64,0
S07,2026-11-06,114.35,0
S08,2026-11-06,150.57,0
S09,2026-11-06,143.29,0
S10,2026-11-06,147.53,0
S11,2026-11-06,114.99,0
S12,2026-11-06,153.42,0
S13,2026-11-06,150.63,0
S14,2026-11-06,126.81,0
S15,2026-11-06,121.03,0
S01,2026-11-07,137.34,0
S02,2026-11-07,153.07,0
S03,2026-11-07,147.92,0
S04,2026-11-07,145.83,0
S05,2026-11-07,120.15,0
S06,2026-11-07,116.0,0
S07,2026-11-07,111.98,0
S08,2026-11-07,153.58,0
S09,2026-11-07,142.15,0
S10,2026-11-07,145.31,0
S11,2026-11-07,114.37,0
S12,2026-11-07,154.63,0
S13,2026-11-07,150.1,0
S14,2026-11-07,124.72,0
S15,2026-11-07,122.18,0
